player,team,pos,pos_rank,tier,pts_proj,vor,score,ppg_proj,adp_overall
Saquon Barkley,,RB,1,1,342.0838928571428,135.93701785714282,131.93701785714282,20.73235714285714,
Jahmyr Gibbs,,RB,2,2,336.1875,130.040625,126.040625,20.375,
Ja'Marr Chase,,WR,1,1,355.0819411764706,121.85929411764707,117.85929411764707,21.520117647058825,
Lamar Jackson,,QB,1,1,392.7636842105263,102.77315921052633,98.77315921052633,23.803859649122806,
Alvin Kamara,,RB,3,3,307.5917307692307,101.44485576923071,97.44485576923071,18.641923076923074,
Josh Allen,,QB,2,1,389.50942105263164,99.51889605263165,95.51889605263165,23.606631578947372,
Bijan Robinson,,RB,4,4,303.8717647058823,97.7248897058823,93.7248897058823,18.416470588235292,
Derrick Henry,,RB,5,4,303.67264086687305,97.52576586687306,93.52576586687306,18.404402476780184,
Kyren Williams,,RB,6,5,292.51397435897434,86.36709935897434,82.36709935897434,17.728119658119656,
CeeDee Lamb,,WR,2,2,319.3355,86.1128529411765,82.1128529411765,19.35366666666667,
Amon-Ra St. Brown,,WR,3,3,317.4997543859649,84.27710732714135,80.27710732714135,19.242409356725144,
De'Von Achane,,RB,7,6,284.89433823529413,78.74746323529413,74.74746323529413,17.266323529411764,
Justin Jefferson,,WR,4,4,310.7353333333333,77.51268627450978,73.51268627450978,18.83244444444444,
Jonathan Taylor,,RB,8,7,279.2955,73.14862500000001,69.14862500000001,16.927,
Brock Bowers,,TE,1,1,243.49972058823528,71.27272058823527,67.27272058823527,14.757558823529411,
Joe Mixon,,RB,9,8,276.54849264705877,70.40161764705877,66.40161764705877,16.76051470588235,
George Kittle,,TE,2,2,241.6862105263158,69.45921052631579,65.45921052631579,14.647649122807017,
Josh Jacobs,,RB,10,8,270.56897435897434,64.42209935897435,60.42209935897435,16.398119658119658,
Puka Nacua,,WR,5,5,297.61346153846154,64.39081447963801,60.39081447963801,18.037179487179486,
Jalen Hurts,,QB,3,2,352.29815789473685,62.307632894736855,58.307632894736855,21.35140350877193,
James Cook,,RB,11,8,264.17368421052623,58.02680921052624,54.02680921052624,16.01052631578947,
Nico Collins,,WR,6,6,291.00661764705876,57.783970588235235,53.783970588235235,17.63676470588235,
Christian McCaffrey,,RB,12,8,263.1532894736842,57.0064144736842,53.0064144736842,15.948684210526315,
Trey McBride,,TE,3,3,228.8416544117647,56.61465441176469,52.61465441176469,13.869191176470588,
Chris Godwin Jr.,,WR,7,7,287.73394736842107,54.511300309597544,50.511300309597544,17.43842105263158,
Malik Nabers,,WR,8,7,287.4168,54.1941529411765,50.1941529411765,17.4192,
James Conner,,RB,13,8,259.936875,53.78999999999999,49.78999999999999,15.75375,
Breece Hall,,RB,14,8,258.48645220588236,52.339577205882364,48.339577205882364,15.665845588235294,
Mike Evans,,WR,9,8,285.3098947368421,52.0872476780186,48.0872476780186,17.291508771929827,
Kenneth Walker III,,RB,15,8,256.06199999999995,49.91512499999996,45.91512499999996,15.518909090909089,
Travis Kelce,,TE,4,4,220.53552631578947,48.308526315789464,44.308526315789464,13.36578947368421,
Jayden Daniels,,QB,4,3,337.368075,47.377549999999985,43.377549999999985,20.44655,
David Njoku,,TE,5,4,219.25588235294117,47.02888235294117,43.02888235294117,13.288235294117646,
Davante Adams,,WR,10,8,276.3507352941176,43.128088235294086,39.128088235294086,16.748529411764704,
David Montgomery,,RB,16,8,245.7081647058823,39.5612897058823,35.5612897058823,14.891403921568624,
Baker Mayfield,,QB,5,4,329.36267543859645,39.372150438596464,35.372150438596464,19.961374269005844,
Tee Higgins,,WR,11,8,270.53125,37.308602941176474,33.308602941176474,16.395833333333332,
Joe Burrow,,QB,6,4,326.142494117647,36.15196911764701,32.15196911764701,19.76621176470588,
Chuba Hubbard,,RB,17,8,239.1717058823529,33.024830882352916,29.024830882352916,14.495254901960783,
Brian Thomas Jr.,,WR,12,8,263.2429411764706,30.02029411764707,26.02029411764707,15.954117647058823,
Tyreek Hill,,WR,13,8,262.8547058823529,29.632058823529377,25.632058823529377,15.930588235294115,
Sam LaPorta,,TE,6,5,200.50848529411763,28.28148529411763,24.28148529411763,12.152029411764705,
A.J. Brown,,WR,14,8,259.0694117647059,25.84676470588235,21.84676470588235,15.701176470588234,
Aaron Jones,,RB,18,8,230.71089743589744,24.564022435897442,20.564022435897442,13.982478632478632,
Ladd McConkey,,WR,15,8,255.4568823529412,22.234235294117667,18.234235294117667,15.482235294117649,
Bucky Irving,,RB,19,8,228.22112499999997,22.074249999999978,18.074249999999978,13.831583333333331,
Rashee Rice,,WR,16,8,254.52075,21.298102941176467,17.298102941176467,15.4255,
Taysom Hill,,TE,7,6,192.154875,19.927875,15.927875,11.64575,
Stefon Diggs,,WR,17,8,252.0435789473684,18.820931888544862,14.820931888544862,15.27536842105263,
Rachaad White,,RB,20,8,223.59833881578945,17.451463815789452,13.451463815789452,13.55141447368421,
Jonnu Smith,,TE,8,7,187.1973529411765,14.970352941176486,10.970352941176486,11.34529411764706,
Keenan Allen,,WR,18,8,248.16930769230765,14.946660633484129,10.946660633484129,15.040564102564101,
Mark Andrews,,TE,9,7,186.1507894736842,13.923789473684195,9.923789473684195,11.281866028708134,
Joe Milton III,,QB,7,5,303.17429999999996,13.183774999999969,9.183774999999969,18.3742,
Terry McLaurin,,WR,19,8,245.4108088235294,12.188161764705882,8.188161764705882,14.873382352941176,
J.K. Dobbins,,RB,21,8,218.295,12.148124999999993,8.148124999999993,13.229999999999999,
DJ Moore,,WR,20,8,245.19,11.967352941176472,7.967352941176472,14.86,
Drake London,,WR,21,8,244.72763602941177,11.504988970588244,7.5049889705882435,14.83197794117647,
Patrick Mahomes,,QB,8,5,300.47246842105267,10.481943421052677,6.4819434210526765,18.21045263157895,
Evan Engram,,TE,10,8,181.9162745098039,9.689274509803909,5.689274509803909,11.025228758169934,
T.J. Hockenson,,TE,11,8,181.365,9.138000000000005,5.138000000000005,10.991818181818182,
Jared Goff,,QB,9,5,297.9841333333333,7.993608333333327,3.993608333333327,18.059644444444444,
Tony Pollard,,RB,22,8,212.00781249999997,5.860937499999977,1.8609374999999773,12.848958333333332,
Brock Purdy,,QB,10,5,295.09283157894737,5.102306578947378,1.1023065789473776,17.88441403508772,
DeVonta Smith,,WR,22,8,236.24117647058821,3.018529411764689,-0.981470588235311,14.317647058823528,
Kyler Murray,,QB,11,5,292.50860294117643,2.5180779411764433,-1.4819220588235567,17.727794117647058,
Jakobi Meyers,,WR,23,8,235.48318749999999,2.2605404411764596,-1.7394595588235404,14.271708333333333,
D'Andre Swift,,RB,23,8,206.85176470588235,0.7048897058823513,-3.2951102941176487,12.536470588235293,
Bo Nix,,QB,12,5,289.990525,0.0,-4.0,17.57518333333333,
Garrett Wilson,,WR,24,8,233.22264705882353,0.0,-4.0,14.134705882352941,
Chase Brown,,RB,24,8,206.146875,0.0,-4.0,12.49375,
Dallas Goedert,,TE,12,8,172.227,0.0,-4.0,10.438,
Courtland Sutton,,WR,25,8,230.59841911764704,-2.6242279411764855,-6.6242279411764855,13.975661764705881,
Adam Thielen,,WR,26,8,228.38426470588232,-4.83838235294121,-8.83838235294121,13.841470588235293,
Tyler Higbee,,TE,13,8,162.46518749999998,-9.761812500000019,-13.761812500000019,9.846374999999998,
Zach Ertz,,TE,14,8,161.81903571428572,-10.407964285714286,-14.407964285714286,9.807214285714286,
Rhamondre Stevenson,,RB,25,8,195.54424999999998,-10.602625000000018,-14.602625000000018,11.851166666666666,
Cooper Kupp,,WR,27,8,222.2803846153846,-10.94226244343892,-14.94226244343892,13.471538461538461,
Brian Robinson,,RB,26,8,195.07270588235292,-11.074169117647074,-15.074169117647074,11.822588235294116,
Jordan Addison,,WR,28,8,222.09485294117647,-11.127794117647056,-15.127794117647056,13.46029411764706,
Najee Harris,,RB,27,8,192.67416666666668,-13.472708333333316,-17.472708333333316,11.677222222222223,
Justin Herbert,,QB,13,6,275.9372564102564,-14.053268589743595,-18.053268589743595,16.723470085470083,
Tyrell Shavers,,WR,29,8,219.02925,-14.193397058823535,-18.193397058823535,13.2745,
Jimmy Garoppolo,,QB,14,6,274.7108571428571,-15.279667857142897,-19.279667857142897,16.649142857142856,
DK Metcalf,,WR,30,8,216.957125,-16.265522058823535,-20.265522058823535,13.148916666666667,
Austin Ekeler,,RB,28,8,188.44414285714282,-17.702732142857172,-21.702732142857172,11.420857142857141,
Jaxon Smith-Njigba,,WR,31,8,215.5094117647059,-17.713235294117624,-21.713235294117624,13.061176470588236,
Dak Prescott,,QB,15,6,270.92725,-19.063274999999976,-23.063274999999976,16.419833333333333,
Cade Otton,,TE,15,8,152.10047368421053,-20.126526315789476,-24.126526315789476,9.21821052631579,
Russell Wilson,,QB,16,6,269.75024999999994,-20.240275000000054,-24.240275000000054,16.348499999999998,
Tua Tagovailoa,,QB,17,6,268.43449999999996,-21.556025000000034,-25.556025000000034,16.268757575757572,
Hunter Henry,,TE,16,8,150.61485576923076,-21.612144230769246,-25.612144230769246,9.128173076923076,
Xavier Worthy,,WR,32,8,210.40409210526315,-22.81855495356038,-26.81855495356038,12.751763157894736,
Pat Freiermuth,,TE,17,8,149.04083333333332,-23.18616666666668,-27.18616666666668,9.032777777777778,
Travis Etienne,,RB,29,8,182.4822352941176,-23.664639705882394,-27.664639705882394,11.059529411764704,
Rashid Shaheed,,WR,33,8,209.47299999999998,-23.74964705882354,-27.74964705882354,12.695333333333332,
Jerry Jeudy,,WR,34,8,207.53966911764707,-25.68297794117646,-29.68297794117646,12.578161764705882,
Jordan Love,,QB,18,6,264.0511282894737,-25.939396710526296,-29.939396710526296,16.003098684210528,
Zay Flowers,,WR,35,8,207.07176470588237,-26.150882352941153,-30.150882352941153,12.549803921568628,
Jake Ferguson,,TE,18,8,145.09,-27.137,-31.137,8.793333333333333,
Zack Moss,,RB,30,8,178.20883928571428,-27.938035714285718,-31.938035714285718,10.800535714285713,
Anthony Richardson,,QB,19,6,261.4695,-28.52102500000001,-32.52102500000001,15.846636363636362,
Cole Kmet,,TE,19,8,142.9415625,-29.2854375,-33.2854375,8.663125,
Kareem Hunt,,RB,31,8,175.39499999999998,-30.751875000000013,-34.75187500000001,10.629999999999999,
Calvin Ridley,,WR,36,8,202.28029411764706,-30.942352941176466,-34.942352941176466,12.259411764705883,
George Pickens,,WR,37,8,201.7895,-31.433147058823522,-35.43314705882352,12.229666666666667,
Joe Flacco,,QB,20,6,257.8125,-32.17802499999999,-36.17802499999999,15.625,
Tucker Kraft,,TE,20,8,138.7340625,-33.49293750000001,-37.49293750000001,8.408125,
Jameson Williams,,WR,38,8,198.99824999999998,-34.22439705882354,-38.22439705882354,12.0605,
Geno Smith,,QB,21,6,255.71932941176468,-34.271195588235315,-38.271195588235315,15.498141176470586,
Rico Dowdle,,RB,32,8,171.32216911764706,-34.82470588235293,-38.82470588235293,10.383161764705882,
Isaiah Likely,,TE,21,8,137.35461397058822,-34.872386029411786,-38.872386029411786,8.32452205882353,
Joshua Dobbs,,QB,22,6,254.5061538461538,-35.48437115384618,-39.48437115384618,15.424615384615382,
Michael Pittman,,WR,39,8,197.71125,-35.51139705882352,-39.51139705882352,11.9825,
Jerome Ford,,RB,33,8,170.60999999999999,-35.53687500000001,-39.53687500000001,10.34,
Tank Dell,,WR,40,8,197.17499999999998,-36.04764705882354,-40.04764705882354,11.95,
Josh Downs,,WR,41,8,197.13132352941173,-36.091323529411795,-40.091323529411795,11.947352941176469,
Tyrone Tracy Jr.,,RB,34,8,168.97601470588236,-37.17086029411763,-41.17086029411763,10.240970588235294,
Deebo Samuel Sr.,,WR,42,8,194.832,-38.39064705882353,-42.39064705882353,11.808,
Jayden Reed,,WR,43,8,193.96666666666664,-39.255980392156886,-43.255980392156886,11.755555555555555,
Juwan Johnson,,TE,22,8,131.79523076923076,-40.43176923076925,-44.43176923076925,7.9875897435897425,
Trevor Lawrence,,QB,23,7,248.9293125,-41.06121249999998,-45.06121249999998,15.086625,
Dalton Schultz,,TE,23,8,130.3740092879257,-41.8529907120743,-45.8529907120743,7.901455108359133,
Dalton Kincaid,,TE,24,8,130.2640625,-41.96293750000001,-45.96293750000001,7.894791666666666,
Kyle Pitts,,TE,25,8,129.11735294117645,-43.109647058823555,-47.109647058823555,7.825294117647058,
Javonte Williams,,RB,35,8,160.80166666666668,-45.34520833333332,-49.34520833333332,9.745555555555557,
Jauan Jennings,,WR,44,8,187.8683125,-45.354334558823524,-49.354334558823524,11.385958333333333,
Derek Carr,,QB,24,7,244.49797058823526,-45.49255441176473,-49.49255441176473,14.81805882352941,
Tay Martin,,WR,45,8,187.51425,-45.70839705882352,-49.70839705882352,11.3645,
Zach Charbonnet,,RB,36,8,159.80674632352938,-46.34012867647061,-50.34012867647061,9.685257352941175,
Tony Jones,,RB,37,8,159.39,-46.75687500000001,-50.75687500000001,9.659999999999998,
Matthew Stafford,,QB,25,7,242.8348541666667,-47.15567083333329,-51.15567083333329,14.71726388888889,
C.J. Stroud,,QB,26,7,242.4897213622291,-47.5008036377709,-51.5008036377709,14.696346749226006,
Tyler Conklin,,TE,26,8,123.84038602941177,-48.38661397058823,-52.38661397058823,7.505477941176471,
Mike Gesicki,,TE,27,8,123.7273125,-48.49968750000001,-52.49968750000001,7.498625,
Michael Carter,,RB,38,8,157.23399999999998,-48.912875000000014,-52.912875000000014,9.529333333333332,
Jaylen Waddle,,WR,46,8,182.70999999999998,-50.512647058823546,-54.512647058823546,11.073333333333332,
Chris Olave,,WR,47,8,182.2940625,-50.92858455882353,-54.92858455882353,11.048124999999999,
Marvin Harrison Jr.,,WR,48,8,182.13816176470587,-51.084485294117655,-55.084485294117655,11.038676470588234,
Alexander Mattison,,RB,39,8,154.56375,-51.583124999999995,-55.583124999999995,9.3675,
Kirk Cousins,,QB,27,7,238.11562499999997,-51.874900000000025,-55.874900000000025,14.431249999999999,
Tyjae Spears,,RB,40,8,154.12294117647056,-52.02393382352943,-56.02393382352943,9.34078431372549,
Isiah Pacheco,,RB,41,8,152.20149999999998,-53.94537500000001,-57.94537500000001,9.224333333333332,
Caleb Williams,,QB,28,7,235.93612058823527,-54.05440441176472,-58.05440441176472,14.29915882352941,
Khalil Shakir,,WR,49,8,179.03416666666666,-54.18848039215686,-58.18848039215686,10.850555555555555,
Jaylen Warren,,RB,42,8,150.32187499999998,-55.82500000000002,-59.82500000000002,9.110416666666666,
Chig Okonkwo,,TE,28,8,115.02441176470587,-57.20258823529413,-61.20258823529413,6.971176470588235,
Brandon Aiyuk,,WR,50,8,175.6728947368421,-57.54975232198143,-61.54975232198143,10.646842105263158,
Nick Chubb,,RB,43,8,148.56187500000001,-57.58499999999998,-61.58499999999998,9.00375,
Raheem Mostert,,RB,44,8,147.04911057692308,-59.09776442307691,-63.09776442307691,8.912067307692308,
Noah Fant,,TE,29,8,110.022,-62.205,-66.205,6.668,
Tanner McKee,,QB,29,8,227.065575,-62.924949999999995,-66.92495,13.76155,
Devin Culp,,TE,30,8,108.72674999999998,-63.50025000000002,-67.50025000000002,6.589499999999999,
Amari Cooper,,WR,51,8,169.1559375,-64.06670955882353,-68.06670955882353,10.251875,
Wan'Dale Robinson,,WR,52,8,168.08452941176472,-65.1381176470588,-69.1381176470588,10.186941176470588,
Romeo Doubs,,WR,53,8,167.40552631578947,-65.81712074303405,-69.81712074303405,10.14578947368421,
Darnell Mooney,,WR,54,8,167.3630357142857,-65.85961134453783,-69.85961134453783,10.143214285714285,
Christian Kirk,,WR,55,8,164.344125,-68.87852205882353,-72.87852205882353,9.96025,
DeAndre Hopkins,,WR,56,8,162.91732198142415,-70.30532507739937,-74.30532507739937,9.873777089783282,
Justice Hill,,RB,45,8,134.91985294117646,-71.22702205882354,-75.22702205882354,8.176960784313724,
Sam Darnold,,QB,30,8,216.68826666666666,-73.30225833333333,-77.30225833333333,13.132622222222222,
Jalen McMillan,,WR,57,8,159.2633035714286,-73.95934348739493,-77.95934348739493,9.65232142857143,
Theo Johnson,,TE,31,8,97.55324999999999,-74.67375000000001,-78.67375000000001,5.912318181818181,
Will Dissly,,TE,32,8,97.38411057692308,-74.84288942307693,-78.84288942307693,5.902067307692308,
Noah Gray,,TE,33,8,97.31699999999998,-74.91000000000003,-78.91000000000003,5.897999999999999,
Drake Maye,,QB,31,8,214.71411923076926,-75.27640576923073,-79.27640576923073,13.012976923076925,
Justin Fields,,QB,32,8,212.74246153846153,-77.24806346153846,-81.24806346153846,12.893482517482516,
Kristian Wilkerson,,WR,58,8,154.4235,-78.79914705882354,-82.79914705882354,9.359,
Rashod Bateman,,WR,59,8,153.99352941176468,-79.22911764705884,-83.22911764705884,9.332941176470587,
Quentin Johnston,,WR,60,8,153.48215073529414,-79.74049632352938,-83.74049632352938,9.301948529411765,
Foster Moreau,,TE,34,8,92.19930288461538,-80.02769711538463,-84.02769711538463,5.587836538461538,
Bryce Young,,QB,33,8,209.27156250000002,-80.71896249999998,-84.71896249999998,12.683125,
Devin Singletary,,RB,46,8,125.27321052631578,-80.87366447368422,-84.87366447368422,7.592315789473684,
Jordan Mason,,RB,47,8,124.51656249999999,-81.6303125,-85.6303125,7.546458333333333,
Austin Hooper,,TE,35,8,88.7578676470588,-83.4691323529412,-87.4691323529412,5.379264705882352,
Diontae Johnson,,WR,61,8,147.09946428571428,-86.12318277310925,-90.12318277310925,8.915119047619047,
Daniel Jones,,QB,34,8,203.26350000000002,-86.72702499999997,-90.72702499999997,12.319,
Brenton Strange,,TE,36,8,85.41107142857142,-86.81592857142859,-90.81592857142859,5.176428571428571,
Tommy Tremble,,TE,37,8,85.074,-87.153,-91.153,5.156,
DeMario Douglas,,WR,62,8,144.52379464285713,-88.6988524159664,-92.6988524159664,8.759017857142856,
Nick Westbrook-Ikhine,,WR,63,8,144.3178846153846,-88.90476244343893,-92.90476244343893,8.74653846153846,
Alec Pierce,,WR,64,8,144.28886029411763,-88.9337867647059,-92.9337867647059,8.744779411764705,
Tanner Hudson,,TE,38,8,82.49083333333333,-89.73616666666668,-93.73616666666668,4.999444444444444,
AJ Barner,,TE,39,8,82.46425,-89.76275,-93.76275,4.997833333333333,
Allen Lazard,,WR,65,8,142.52464285714285,-90.69800420168067,-94.69800420168067,8.637857142857143,
Gus Edwards,,RB,48,8,115.00717105263156,-91.13970394736843,-95.13970394736843,6.970131578947368,
Deshaun Watson,,QB,35,8,198.19799999999998,-91.79252500000001,-95.79252500000001,12.011999999999999,
Tyler Lockett,,WR,66,8,141.14294117647057,-92.07970588235295,-96.07970588235295,8.554117647058822,
Josh Oliver,,TE,40,8,80.08846153846152,-92.13853846153849,-96.13853846153849,4.853846153846153,
Tyler Allgeier,,RB,49,8,112.21941176470588,-93.92746323529411,-97.92746323529411,6.801176470588235,
Ja'Tavion Sanders,,TE,41,8,76.8966,-95.3304,-99.3304,4.6604,
Jordan Akins,,TE,42,8,76.4283173076923,-95.79868269230771,-99.79868269230771,4.63201923076923,
Mason Rudolph,,QB,36,8,194.06805,-95.92247499999999,-99.92247499999999,11.7617,
Antonio Gibson,,RB,50,8,109.66555147058824,-96.48132352941175,-100.48132352941175,6.6463970588235295,
Noah Brown,,WR,67,8,136.33499999999998,-96.88764705882355,-100.88764705882355,8.262727272727272,
Ameer Abdullah,,RB,51,8,109.088375,-97.0585,-101.0585,6.611416666666667,
Demarcus Robinson,,WR,68,8,135.54315789473682,-97.6794891640867,-101.6794891640867,8.214736842105262,
Josh Palmer,,WR,69,8,135.5145,-97.70814705882353,-101.70814705882353,8.213,
Miles Sanders,,RB,52,8,108.26625,-97.880625,-101.880625,6.561590909090909,
Rome Odunze,,WR,70,8,134.30951470588235,-98.91313235294118,-102.91313235294118,8.139970588235293,
Christian Watson,,WR,71,8,134.2575,-98.96514705882353,-102.96514705882353,8.136818181818182,
Sincere McCormick,,RB,53,8,107.151,-98.995875,-102.995875,6.494,
Brandin Cooks,,WR,72,8,134.11005882352939,-99.11258823529414,-103.11258823529414,8.127882352941175,
Ricky Pearsall,,WR,73,8,133.93875,-99.28389705882353,-103.28389705882353,8.1175,
Michael Wilson,,WR,74,8,133.4715144230769,-99.75113263574661,-103.75113263574661,8.089182692307691,
Dawson Knox,,TE,43,8,72.28698529411764,-99.94001470588236,-103.94001470588236,4.381029411764706,
Jalen Coker,,WR,75,8,132.59219999999996,-100.63044705882356,-104.63044705882356,8.035890909090908,
Erick All,,TE,44,8,70.51481249999999,-101.71218750000001,-105.71218750000001,4.273624999999999,
Xavier Legette,,WR,76,8,131.41754999999998,-101.80509705882355,-105.80509705882355,7.964699999999999,
Colby Parkinson,,TE,45,8,70.15433333333333,-102.07266666666668,-106.07266666666668,4.251777777777777,
Mike Williams,,WR,77,8,130.185,-103.03764705882352,-107.03764705882352,7.890000000000001,
Tank Bigsby,,RB,54,8,102.56495192307692,-103.58192307692308,-107.58192307692308,6.216057692307692,
Roschon Johnson,,RB,55,8,102.45992307692306,-103.68695192307693,-107.68695192307693,6.209692307692307,
Luke Schoonmaker,,TE,46,8,65.69644230769231,-106.5305576923077,-110.5305576923077,3.9816025641025643,
Michael Mayer,,TE,47,8,65.61692307692307,-106.61007692307693,-110.61007692307693,3.9767832167832164,
Ray Davis,,RB,56,8,99.03588749999999,-107.11098750000001,-111.11098750000001,6.002174999999999,
Cam Akers,,RB,57,8,98.99445378151259,-107.1524212184874,-111.1524212184874,5.999663865546218,
Kendrick Bourne,,WR,78,8,124.53375,-108.68889705882353,-112.68889705882353,7.547499999999999,
Jaleel McLaughlin,,RB,58,8,97.44705882352942,-108.69981617647058,-112.69981617647058,5.905882352941177,
Darius Slayton,,WR,79,8,123.37389705882352,-109.84875000000001,-113.84875000000001,7.477205882352941,
Jalen Tolbert,,WR,80,8,123.33458823529412,-109.8880588235294,-113.8880588235294,7.474823529411765,
Cedric Tillman,,WR,81,8,123.07000000000001,-110.15264705882352,-114.15264705882352,7.458787878787879,
Ezekiel Elliott,,RB,59,8,95.08529411764705,-111.06158088235294,-115.06158088235294,5.762745098039216,
Isaac Guerendo,,RB,60,8,94.74196875000001,-111.40490624999998,-115.40490624999998,5.741937500000001,
E.J. Jenkins,,TE,48,8,60.666374999999995,-111.56062500000002,-115.56062500000002,3.6767499999999997,
Elijah Moore,,WR,82,8,121.53705882352942,-111.6855882352941,-115.6855882352941,7.365882352941177,
Josh Whyle,,TE,49,8,60.236000000000004,-111.991,-115.991,3.650666666666667,
Devaughn Vele,,WR,83,8,119.86955357142855,-113.35309348739497,-117.35309348739497,7.264821428571428,
Aidan O'Connell,,QB,37,8,176.58499999999998,-113.40552500000001,-117.40552500000001,10.702121212121211,
Johnny Mundt,,TE,50,8,58.399,-113.828,-117.828,3.5393333333333334,
Payne Durham,,TE,51,8,58.224374999999995,-114.00262500000001,-118.00262500000001,3.5287499999999996,
Stone Smartt,,TE,52,8,58.06624999999999,-114.16075000000001,-118.16075000000001,3.519166666666666,
Grant Calcaterra,,TE,53,8,57.21375,-115.01325,-119.01325,3.4675,
Aaron Rodgers,,QB,38,8,174.32347058823527,-115.66705441176472,-119.66705441176472,10.56505882352941,
Drew Sample,,TE,54,8,56.10964285714285,-116.11735714285714,-120.11735714285714,3.400584415584415,
Keon Coleman,,WR,84,8,116.90095312499999,-116.32169393382354,-120.32169393382354,7.0849062499999995,
Adam Trautman,,TE,55,8,55.811249999999994,-116.41575,-120.41575,3.3825,
Marquise Brown,,WR,85,8,116.20061538461538,-117.02203167420815,-121.02203167420815,7.042461538461538,
Luke Musgrave,,TE,56,8,54.69115384615384,-117.53584615384617,-121.53584615384617,3.3146153846153843,
Andy Dalton,,QB,39,8,172.00699999999998,-117.98352500000001,-121.98352500000001,10.424666666666665,
Elijah Higgins,,TE,57,8,54.218999999999994,-118.00800000000001,-122.00800000000001,3.2859999999999996,
Tre Tucker,,WR,86,8,115.18717194570135,-118.03547511312217,-122.03547511312217,6.9810407239819,
Gardner Minshew,,QB,40,8,171.948975,-118.04155,-122.04155,10.421149999999999,
D'Onta Foreman,,RB,61,8,87.81299999999999,-118.333875,-122.333875,5.321999999999999,
Will Levis,,QB,41,8,171.55325,-118.437275,-122.437275,10.397166666666665,
Lucas Krull,,TE,58,8,53.787857142857135,-118.43914285714287,-122.43914285714287,3.2598701298701296,
Nick Vannett,,TE,59,8,53.11625,-119.11075,-123.11075,3.2191666666666667,
Tutu Atwell,,WR,87,8,114.0706875,-119.15195955882352,-123.15195955882352,6.913375,
Kendre Miller,,RB,62,8,86.6367857142857,-119.5100892857143,-123.5100892857143,5.250714285714285,
Dontayvion Wicks,,WR,88,8,112.61864705882353,-120.604,-124.604,6.825372549019607,
Gabe Davis,,WR,89,8,112.187625,-121.03502205882353,-125.03502205882353,6.79925,
Brock Wright,,TE,60,8,51.14999999999999,-121.07700000000001,-125.07700000000001,3.0999999999999996,
Ty Johnson,,RB,63,8,84.75374999999998,-121.39312500000001,-125.39312500000001,5.136590909090908,
Drew Lock,,QB,42,8,168.26699999999997,-121.72352500000002,-125.72352500000002,10.197999999999999,
Samaje Perine,,RB,64,8,84.34945588235293,-121.79741911764707,-125.79741911764707,5.112088235294117,
Gerald Everett,,TE,61,8,50.061,-122.166,-126.166,3.034,
Harrison Bryant,,TE,62,8,49.852,-122.375,-126.375,3.021333333333333,
Mo Alie-Cox,,TE,63,8,48.834107142857135,-123.39289285714287,-127.39289285714287,2.959642857142857,
Curtis Samuel,,WR,90,8,109.64492647058823,-123.5777205882353,-127.5777205882353,6.645147058823529,
Hayden Hurst,,TE,64,8,48.565,-123.662,-127.662,2.9433333333333334,
Tyler Huntley,,QB,43,8,165.4884,-124.50212499999998,-128.50212499999998,10.0296,
Emari Demercado,,RB,65,8,81.58384615384614,-124.56302884615386,-128.56302884615386,4.944475524475523,
Kylen Granson,,TE,65,8,47.334374999999994,-124.89262500000001,-128.892625,2.8687499999999995,
Marvin Mims Jr.,,WR,91,8,108.32364583333333,-124.8990012254902,-128.8990012254902,6.565069444444444,
Ray-Ray McCloud,,WR,92,8,107.73917647058823,-125.48347058823529,-129.4834705882353,6.529647058823529,
Tyler Johnson,,WR,93,8,107.715,-125.50764705882352,-129.50764705882352,6.528181818181818,
Darnell Washington,,TE,66,8,45.897499999999994,-126.32950000000001,-130.3295,2.7816666666666663,
Khalil Herbert,,RB,66,8,79.48124999999999,-126.665625,-130.665625,4.817045454545454,
Braelon Allen,,RB,67,8,78.97288235294117,-127.17399264705882,-131.1739926470588,4.786235294117646,
Davis Allen,,TE,67,8,45.024375000000006,-127.202625,-131.202625,2.7287500000000002,
Emanuel Wilson,,RB,68,8,78.59892857142857,-127.54794642857142,-131.54794642857144,4.763571428571429,
Bub Means,,WR,94,8,105.57525,-127.64739705882353,-131.64739705882351,6.398499999999999,
Clyde Edwards-Helaire,,RB,69,8,78.0971052631579,-128.0497697368421,-132.0497697368421,4.733157894736842,
Daniel Bellinger,,TE,68,8,43.361607142857146,-128.86539285714287,-132.86539285714287,2.6279761904761907,
Jacob Kibodi,,RB,70,8,77.21175,-128.935125,-132.935125,4.6795,
Parker Washington,,WR,95,8,104.27999999999999,-128.94264705882352,-132.94264705882352,6.319999999999999,
Andrei Iosivas,,WR,96,8,104.2314705882353,-128.99117647058824,-132.99117647058824,6.317058823529412,
Cade Stover,,TE,69,8,43.175549999999994,-129.05145000000002,-133.05145000000002,2.6167,
Brevin Jordan,,TE,70,8,42.61125,-129.61575,-133.61575,2.5825,
Tyler Boyd,,WR,97,8,102.45335294117646,-130.76929411764706,-134.76929411764706,6.209294117647058,
Tyrod Taylor,,QB,44,8,159.0798,-130.91072499999999,-134.91072499999999,9.6412,
Charlie Kolar,,TE,71,8,41.149499999999996,-131.07750000000001,-135.07750000000001,2.493909090909091,
Mac Jones,,QB,45,8,158.85240000000002,-131.13812499999997,-135.13812499999997,9.627418181818182,
Andrew Ogletree,,TE,72,8,40.99375,-131.23325,-135.23325,2.484469696969697,
Nate Adkins,,TE,73,8,39.632999999999996,-132.594,-136.594,2.4019999999999997,
Kayshon Boutte,,WR,98,8,100.29799999999999,-132.92464705882355,-136.92464705882355,6.078666666666666,
MyCole Pruitt,,TE,74,8,39.269999999999996,-132.957,-136.957,2.38,
Jeremy Ruckert,,TE,75,8,38.907,-133.32,-137.32,2.3579999999999997,
Chris Rodriguez Jr.,,RB,71,8,72.82,-133.326875,-137.326875,4.413333333333333,
Carson Wentz,,QB,46,8,156.552,-133.438525,-137.438525,9.488,
Durham Smythe,,TE,76,8,38.598214285714285,-133.62878571428573,-137.62878571428573,2.3392857142857144,
Blake Whiteheart,,TE,77,8,38.49332142857143,-133.73367857142858,-137.73367857142858,2.3329285714285715,
Zamir White,,RB,72,8,70.44072115384616,-135.70615384615382,-139.70615384615382,4.2691346153846155,
Calvin Austin III,,WR,99,8,97.34622549019605,-135.87642156862748,-139.87642156862748,5.899771241830064,
Greg Dulcich,,TE,78,8,36.135,-136.092,-140.092,2.19,
Dameon Pierce,,RB,73,8,69.86031249999999,-136.2865625,-140.2865625,4.233958333333333,
David Bell,,WR,100,8,96.5745,-136.64814705882353,-140.64814705882353,5.853,
Kenneth Gainwell,,RB,74,8,69.13564705882354,-137.01122794117646,-141.01122794117646,4.190039215686275,
Josh Reynolds,,WR,101,8,96.0821052631579,-137.14054179566563,-141.14054179566563,5.823157894736842,
Marquez Valdes-Scantling,,WR,102,8,95.69175,-137.53089705882354,-141.53089705882354,5.7995,
Quintin Morris,,TE,79,8,34.352999999999994,-137.87400000000002,-141.87400000000002,2.082,
Kenny Yeboah,,TE,80,8,33.824999999999996,-138.40200000000002,-142.40200000000002,2.05,
Spencer Rattler,,QB,47,8,151.45208571428572,-138.53843928571428,-142.53843928571428,9.178914285714285,
Ben Sinnott,,TE,81,8,33.68165625,-138.54534375,-142.54534375,2.0413125,
Ben Sims,,TE,82,8,33.223928571428566,-139.00307142857145,-143.00307142857145,2.0135714285714283,
Olamide Zaccheaus,,WR,103,8,94.20848684210526,-139.01416021671827,-143.01416021671827,5.709605263157894,
Tim Patrick,,WR,104,8,94.1510625,-139.07158455882353,-143.07158455882353,5.706125,
Eric Saubert,,TE,83,8,32.628750000000004,-139.59825,-143.59825,1.9775,
Luke Farrell,,TE,84,8,32.10625,-140.12075,-144.12075,1.9458333333333333,
Ainias Smith,,WR,105,8,92.96924999999999,-140.25339705882354,-144.25339705882354,5.634499999999999,
Pharaoh Brown,,TE,85,8,31.447499999999998,-140.7795,-144.7795,1.9059090909090908,
Keaton Mitchell,,RB,75,8,65.13728571428571,-141.0095892857143,-145.0095892857143,3.9477142857142855,
Cam Grandy,,TE,86,8,30.727125,-141.499875,-145.499875,1.86225,
Irv Smith,,TE,87,8,30.442499999999995,-141.7845,-145.7845,1.8449999999999998,
Jameis Winston,,QB,48,8,147.56399999999996,-142.42652500000003,-146.42652500000003,8.943272727272726,
Jalen Nailor,,WR,106,8,90.07968749999999,-143.14295955882352,-147.14295955882352,5.459375,
Connor Heyward,,TE,88,8,28.996000000000002,-143.231,-147.231,1.7573333333333334,
Will Mallory,,TE,89,8,28.799999999999994,-143.42700000000002,-147.42700000000002,1.7454545454545451,
Peyton Hendershot,,TE,90,8,28.157249999999998,-144.06975,-148.06975,1.7065,
Trey Benson,,RB,76,8,61.71687499999999,-144.43,-148.43,3.740416666666666,
David Moore,,WR,107,8,88.482625,-144.7400220588235,-148.7400220588235,5.362583333333333,
KaVontae Turpin,,WR,108,8,88.1779411764706,-145.04470588235293,-149.04470588235293,5.344117647058824,
Patrick Taylor,,RB,77,8,60.82153846153846,-145.32533653846153,-149.32533653846153,3.686153846153846,
Jared Wiley,,TE,91,8,26.78775,-145.43925000000002,-149.43925000000002,1.6235,
Dallin Holker,,TE,92,8,26.78775,-145.43925000000002,-149.43925000000002,1.6235,
Mack Hollins,,WR,109,8,87.19425,-146.02839705882354,-150.02839705882354,5.2844999999999995,
John Bates,,TE,93,8,26.0514375,-146.1755625,-150.1755625,1.578875,
Brevyn Spann-Ford,,TE,94,8,25.4985,-146.7285,-150.7285,1.5453636363636363,
Shane Zylstra,,TE,95,8,25.212,-147.01500000000001,-151.01500000000001,1.528,
Audric Estim√©,,RB,78,8,59.03001923076923,-147.11685576923077,-151.11685576923077,3.577576923076923,
Tucker Fisk,,TE,96,8,24.04875,-148.17825,-152.17825,1.4574999999999998,
Kalif Raymond,,WR,110,8,84.51135746606336,-148.71128959276018,-152.71128959276018,5.121900452488688,
Kimani Vidal,,RB,79,8,57.252250000000004,-148.894625,-152.894625,3.4698333333333338,
Chris Brooks,,RB,80,8,56.52625,-149.620625,-153.620625,3.4258333333333333,
Julian Hill,,TE,97,8,22.505999999999997,-149.721,-153.721,1.3639999999999999,
Isaiah Davis,,RB,81,8,55.636096153846154,-150.51077884615384,-154.51077884615384,3.3718846153846154,
Sterling Shepard,,WR,111,8,82.38196153846152,-150.840685520362,-154.840685520362,4.992846153846153,
Sean Tucker,,RB,82,8,55.25558823529411,-150.89128676470588,-154.89128676470588,3.3488235294117645,
Michael Penix Jr.,,QB,49,8,138.98114999999999,-151.009375,-155.009375,8.4231,
Ian Thomas,,TE,98,8,20.803749999999997,-151.42325,-155.42325,1.2608333333333333,
Hunter Long,,TE,99,8,20.50125,-151.72575,-155.72575,1.2425,
Greg Dortch,,WR,112,8,81.30556985294116,-151.91707720588238,-155.91707720588238,4.927610294117646,
Trey Sermon,,RB,83,8,53.986625000000004,-152.16025,-156.16025,3.271916666666667,
Chris Manhertz,,TE,100,8,19.870714285714286,-152.35628571428572,-156.35628571428572,1.2042857142857142,
Jamaal Williams,,RB,84,8,53.75826923076922,-152.38860576923076,-156.38860576923076,3.2580769230769224,
JuJu Smith-Schuster,,WR,113,8,80.82750000000001,-152.3951470588235,-156.3951470588235,4.898636363636364,
Dyami Brown,,WR,114,8,80.30824999999999,-152.91439705882354,-156.91439705882354,4.867166666666666,
Ty Chandler,,RB,85,8,53.11487499999999,-153.032,-157.032,3.219083333333333,
Tip Reiman,,TE,101,8,19.10596875,-153.12103125000002,-157.12103125000002,1.1579374999999998,
Geoff Swaim,,TE,102,8,18.54875,-153.67825,-157.67825,1.1241666666666665,
Tanner Conner,,TE,103,8,18.121125,-154.105875,-158.105875,1.09825,
Blake Watson,,RB,86,8,51.99974999999999,-154.14712500000002,-158.14712500000002,3.1514999999999995,
Tyler Goodson,,RB,87,8,51.5625,-154.584375,-158.584375,3.125,
Marcus Mariota,,QB,50,8,135.0426,-154.947925,-158.947925,8.1844,
Cedrick Wilson Jr.,,WR,115,8,77.6204423076923,-155.60220475113124,-159.60220475113124,4.70426923076923,
Jahan Dotson,,WR,116,8,76.90819852941175,-156.31444852941178,-160.31444852941178,4.66110294117647,
Jaheim Bell,,TE,104,8,15.757499999999999,-156.4695,-160.4695,0.955,
John Metchie III,,WR,117,8,76.60125000000001,-156.6213970588235,-160.6213970588235,4.6425,
DJ Chark,,WR,118,8,75.7185,-157.50414705882352,-161.50414705882352,4.589,
Josiah Deguara,,TE,105,8,14.4375,-157.7895,-161.7895,0.875,
Jack Stoll,,TE,106,8,14.19,-158.037,-162.037,0.86,
Malik Heath,,WR,119,8,74.84124999999999,-158.38139705882355,-162.38139705882355,4.535833333333333,
Charlie Woerner,,TE,107,8,13.7225,-158.5045,-162.5045,0.8316666666666667,
Troy Franklin,,WR,120,8,74.61639705882352,-158.60625,-162.60625,4.5222058823529405,
Zay Jones,,WR,121,8,74.52499999999998,-158.69764705882355,-162.69764705882355,4.516666666666666,
Jacoby Brissett,,QB,51,8,131.22449999999998,-158.766025,-162.766025,7.952999999999999,
Marcedes Lewis,,TE,108,8,13.414499999999999,-158.8125,-162.8125,0.813,
Lil'Jordan Humphrey,,WR,122,8,74.2875,-158.93514705882353,-162.93514705882353,4.502272727272727,
C.J. Uzomah,,TE,109,8,12.25125,-159.97575,-163.97575,0.7425,
Cordarrelle Patterson,,RB,88,8,46.15874999999999,-159.988125,-163.988125,2.7974999999999994,
Stephen Sullivan,,TE,110,8,12.1275,-160.0995,-164.0995,0.735,
Zach Davidson,,TE,111,8,11.818124999999997,-160.408875,-164.408875,0.7162499999999998,
Justin Watson,,WR,123,8,72.54738390092879,-160.67526315789473,-164.67526315789473,4.396811145510836,
Tommy DeVito,,QB,52,8,129.294,-160.69652499999998,-164.69652499999998,7.836,
Jeremy McNichols,,RB,89,8,45.365833333333335,-160.78104166666665,-164.78104166666665,2.7494444444444444,
D'Ernest Johnson,,RB,90,8,45.32,-160.826875,-164.826875,2.7466666666666666,
Ronnie Rivers,,RB,91,8,45.12749999999999,-161.019375,-165.019375,2.7349999999999994,
Pierre Strong,,RB,92,8,44.51509615384615,-161.63177884615385,-165.63177884615385,2.6978846153846154,
John FitzPatrick,,TE,112,8,10.56,-161.667,-165.667,0.64,
Austin Trammell,,WR,124,8,71.43468749999998,-161.78795955882356,-165.78795955882356,4.329374999999999,
MarShawn Lloyd,,RB,93,8,44.120999999999995,-162.02587499999998,-166.02587499999998,2.6739999999999995,
Nelson Agholor,,WR,125,8,71.082,-162.14064705882353,-166.14064705882353,4.308,
Ross Dwelley,,TE,113,8,9.776250000000001,-162.45075,-166.45075,0.5925,
K.J. Osborn,,WR,126,8,70.455,-162.7676470588235,-166.7676470588235,4.27,
Eric Tomlinson,,TE,114,8,9.139349999999999,-163.08765,-167.08765,0.5539,
John Shenker,,TE,115,8,8.929249999999998,-163.29775,-167.29775,0.5411666666666666,
Anthony Firkser,,TE,116,8,8.91,-163.317,-167.317,0.54,
Dare Ogunbowale,,RB,94,8,42.10833333333333,-164.03854166666667,-168.03854166666667,2.5520202020202016,
Van Jefferson,,WR,127,8,68.95968749999999,-164.26295955882352,-168.26295955882352,4.179374999999999,
Joseph Fortson,,TE,117,8,7.878749999999999,-164.34825,-168.34825,0.4775,
Hassan Haskins,,RB,95,8,40.3634423076923,-165.78343269230768,-169.78343269230768,2.4462692307692304,
Bo Melton,,WR,128,8,67.32000000000001,-165.9026470588235,-169.9026470588235,4.08,
David Martin-Robinson,,TE,118,8,6.303,-165.924,-169.924,0.382,
Tyler Badie,,RB,96,8,40.181625,-165.96525,-169.96525,2.43525,
Craig Reynolds,,RB,97,8,40.151309523809516,-165.99556547619048,-169.99556547619048,2.433412698412698,
Deuce Vaughn,,RB,98,8,39.633,-166.51387499999998,-170.51387499999998,2.402,
Jonathon Brooks,,RB,99,8,39.393750000000004,-166.75312499999998,-170.75312499999998,2.3875,
Jeff Wilson,,RB,100,8,38.72549999999999,-167.421375,-171.421375,2.3469999999999995,
Feleipe Franks,,TE,119,8,3.851833333333333,-168.37516666666667,-172.37516666666667,0.23344444444444443,
Jordan Mims,,RB,101,8,37.68187499999999,-168.465,-172.465,2.2837499999999995,
Ko Kieft,,TE,120,8,3.2399999999999998,-168.987,-172.987,0.19636363636363635,
Dalvin Cook,,RB,102,8,37.125,-169.021875,-173.021875,2.25,
Malik Washington,,WR,129,8,63.93042857142857,-169.29221848739496,-173.29221848739496,3.8745714285714286,
Dante Pettis,,WR,130,8,63.029999999999994,-170.19264705882352,-174.19264705882352,3.82,
Kene Nwangwu,,RB,103,8,35.454375,-170.6925,-174.6925,2.1487499999999997,
Blake Corum,,RB,104,8,35.19175,-170.955125,-174.955125,2.132833333333333,
Brayden Willis,,TE,124,8,0.0,-172.227,-176.227,0.0,
Brenden Bates,,TE,125,8,0.0,-172.227,-176.227,0.0,
Baylor Cupp,,TE,126,8,0.0,-172.227,-176.227,0.0,
Colson Yankoff,,TE,122,8,0.0,-172.227,-176.227,0.0,
Jake Tonges,,TE,121,8,0.0,-172.227,-176.227,0.0,
Jordan Matthews,,TE,123,8,0.0,-172.227,-176.227,0.0,
Rod Williams,,TE,127,8,0.0,-172.227,-176.227,0.0,
Princeton Fant,,TE,128,8,0.0,-172.227,-176.227,0.0,
Jamison Crowder,,WR,131,8,60.957187499999996,-172.26545955882352,-176.26545955882352,3.694375,
J.J. Taylor,,RB,105,8,33.616,-172.53087499999998,-176.53087499999998,2.037333333333333,
Jermar Jefferson,,RB,106,8,33.09075,-173.056125,-177.056125,2.0055,
Robert Woods,,WR,132,8,59.451562499999994,-173.77108455882353,-177.77108455882353,3.6031249999999995,
Jaylen Wright,,RB,107,8,32.36348076923076,-173.78339423076923,-177.78339423076923,1.9614230769230765,
Kenny McIntosh,,RB,108,8,32.088,-174.058875,-178.058875,1.9447272727272726,
Parris Campbell,,WR,133,8,58.3605,-174.86214705882352,-178.86214705882352,3.537,
Bailey Zappe,,QB,53,8,115.0941,-174.896425,-178.896425,6.9754,
Brandon Johnson,,WR,134,8,58.278,-174.94464705882353,-178.94464705882353,3.532,
Ryan Miller,,WR,135,8,57.987599999999986,-175.23504705882354,-179.23504705882354,3.5143999999999993,
Trey Palmer,,WR,136,8,56.908210526315784,-176.31443653250773,-180.31443653250773,3.4489824561403504,
Odell Beckham Jr.,,WR,137,8,56.481562499999995,-176.74108455882353,-180.74108455882353,3.4231249999999998,
Carson Steele,,RB,109,8,28.96955769230769,-177.1773173076923,-181.1773173076923,1.755730769230769,
Will Shipley,,RB,110,8,28.954406249999998,-177.19246875,-181.19246875,1.7548124999999999,
Hunter Luepke,,RB,111,8,28.478999999999996,-177.667875,-181.667875,1.7259999999999998,
Darrynton Evans,,RB,112,8,28.215,-177.931875,-181.931875,1.71,
Jalen Brooks,,WR,138,8,54.82125,-178.40139705882353,-182.40139705882353,3.3225,
JaMycal Hasty,,RB,113,8,27.72,-178.426875,-182.426875,1.68,
Jonathan Mingo,,WR,139,8,54.549,-178.67364705882352,-182.67364705882352,3.306,
River Cracraft,,WR,140,8,54.327428571428555,-178.89521848739497,-182.89521848739497,3.292571428571428,
Jordan Whittington,,WR,141,8,53.870953125,-179.35169393382353,-183.35169393382353,3.26490625,
Kevin Austin Jr.,,WR,142,8,53.18156249999999,-180.04108455882354,-184.04108455882354,3.2231249999999996,
Terrell Jennings,,RB,114,8,25.999874999999996,-180.147,-184.147,1.5757499999999998,
Mecole Hardman,,WR,143,8,52.943000000000005,-180.2796470588235,-184.2796470588235,3.208666666666667,
Desmond Ridder,,QB,54,8,109.0914,-180.899125,-184.899125,6.611599999999999,
Jase McClellan,,RB,115,8,25.212,-180.934875,-184.934875,1.528,
Simi Fehoko,,WR,144,8,51.50750000000001,-181.7151470588235,-185.7151470588235,3.121666666666667,
Cooper Rush,,QB,55,8,107.75678571428571,-182.23373928571428,-186.23373928571428,6.530714285714286,
Malik Willis,,QB,56,8,107.28849999999998,-182.702025,-186.702025,6.502333333333333,
Cody White,,WR,145,8,50.424,-182.79864705882352,-186.79864705882352,3.056,
Adonai Mitchell,,WR,146,8,49.83077647058823,-183.3918705882353,-187.3918705882353,3.020047058823529,
Eric Gray,,RB,116,8,22.357499999999998,-183.789375,-187.789375,1.355,
Anthony Miller,,WR,147,8,49.3735,-183.84914705882352,-187.84914705882352,2.9923333333333333,
Jake Bobo,,WR,148,8,48.70446428571429,-184.51818277310923,-188.51818277310923,2.9517857142857142,
Velus Jones Jr.,,RB,117,8,20.97403846153846,-185.17283653846152,-189.17283653846152,1.271153846153846,
Mike Boone,,RB,118,8,20.944000000000003,-185.202875,-189.202875,1.2693333333333334,
Devontez Walker,,WR,149,8,47.79774999999999,-185.42489705882355,-189.42489705882355,2.896833333333333,
Joshua Kelley,,RB,119,8,20.275588235294116,-185.87128676470587,-189.87128676470587,1.2288235294117646,
DeeJay Dallas,,RB,120,8,18.71172794117647,-187.43514705882353,-191.43514705882353,1.1340441176470588,
Tyrion Davis-Price,,RB,121,8,18.479999999999997,-187.666875,-191.666875,1.1199999999999999,
DJ Turner,,WR,150,8,45.33375,-187.88889705882352,-191.88889705882352,2.7475,
KhaDarel Hodge,,WR,151,8,43.29835714285714,-189.92428991596637,-193.92428991596637,2.624142857142857,
Chris Conley,,WR,152,8,42.86333333333334,-190.35931372549018,-194.35931372549018,2.597777777777778,
Mike Woods,,WR,153,8,42.54525,-190.67739705882352,-194.67739705882352,2.5785,
Raheem Blackshear,,RB,122,8,15.179999999999996,-190.966875,-194.966875,0.9199999999999998,
Tylan Wallace,,WR,154,8,42.239999999999995,-190.98264705882355,-194.98264705882355,2.5599999999999996,
Cody Schrader,,RB,123,8,14.969624999999999,-191.17725,-195.17725,0.9072499999999999,
Andrew Beck,,RB,124,8,14.77384615384615,-191.37302884615383,-195.37302884615383,0.8953846153846152,
Mason Tipton,,WR,155,8,41.844916666666656,-191.37773039215688,-195.37773039215688,2.536055555555555,
Gary Brightwell,,RB,125,8,14.355,-191.791875,-195.791875,0.87,
Sione Vaki,,RB,126,8,14.181749999999997,-191.965125,-195.965125,0.8594999999999998,
Derius Davis,,WR,156,8,40.71860294117647,-192.50404411764706,-196.50404411764706,2.467794117647059,
Scott Miller,,WR,157,8,40.5025,-192.72014705882353,-196.72014705882353,2.4546969696969696,
Tyquan Thornton,,WR,158,8,40.08124999999999,-193.14139705882354,-197.14139705882354,2.4291666666666663,
Jalen Reagor,,WR,159,8,39.93,-193.29264705882352,-197.29264705882352,2.42,
Julius Chestnut,,RB,127,8,12.801250000000001,-193.34562499999998,-197.34562499999998,0.7758333333333334,
Isaiah Hodgins,,WR,160,8,39.69428571428571,-193.5283613445378,-197.5283613445378,2.4057142857142857,
Jalin Hyatt,,WR,161,8,39.36138461538461,-193.86126244343893,-197.86126244343893,2.385538461538461,
Treylon Burks,,WR,162,8,39.269999999999996,-193.95264705882352,-197.95264705882352,2.38,
Ke'Shawn Vaughn,,RB,128,8,10.956,-195.190875,-199.190875,0.6639999999999999,
Rakim Jarrett,,WR,163,8,37.96767857142857,-195.25496848739496,-199.25496848739496,2.3010714285714284,
George Holani,,RB,129,8,9.97975,-196.167125,-200.167125,0.6048333333333333,
Keaontay Ingram,,RB,130,8,9.9,-196.246875,-200.246875,0.6,
Rasheen Ali,,RB,131,8,9.769649999999999,-196.377225,-200.377225,0.5921,
Ja'Lynn Polk,,WR,164,8,36.80501785714285,-196.41762920168068,-200.41762920168068,2.2306071428571426,
Terrace Marshall Jr.,,WR,165,8,36.757875,-196.46477205882354,-200.46477205882354,2.22775,
Luke McCaffrey,,WR,166,8,36.557399999999994,-196.66524705882352,-200.66524705882352,2.2156,
Xavier Hutchinson,,WR,167,8,36.40165178571428,-196.82099527310925,-200.82099527310925,2.206160714285714,
Travis Homer,,RB,132,8,9.239999999999998,-196.90687499999999,-200.90687499999999,0.5599999999999999,
Jonathan Ward,,RB,133,8,9.075000000000001,-197.071875,-201.071875,0.55,
Aaron Shampklin,,RB,134,8,8.929249999999998,-197.217625,-201.217625,0.5411666666666666,
Robbie Chosen,,WR,168,8,35.97,-197.25264705882353,-201.25264705882353,2.1799999999999997,
Myles Gaskin,,RB,135,8,7.878749999999998,-198.268125,-202.268125,0.4774999999999999,
Trenton Irwin,,WR,169,8,34.485,-198.73764705882354,-202.73764705882354,2.09,
Trent Sherfield,,WR,170,8,31.96875,-201.25389705882353,-205.25389705882353,1.9375,
Ryan Flournoy,,WR,171,8,31.865166666666664,-201.35748039215687,-205.35748039215687,1.931222222222222,
Chris Collier,,RB,136,8,4.72725,-201.419625,-205.419625,0.2865,
Allen Robinson,,WR,172,8,31.721249999999998,-201.50139705882353,-205.50139705882353,1.9224999999999999,
Trayveon Williams,,RB,137,8,4.6096875,-201.5371875,-205.5371875,0.279375,
Ben VanSumeren,,RB,138,8,3.8499999999999996,-202.296875,-206.296875,0.2333333333333333,
Bryce Oliver,,WR,173,8,30.530156249999997,-202.69249080882352,-206.69249080882352,1.8503124999999998,
Laviska Shenault Jr.,,WR,174,8,30.281625,-202.94102205882353,-206.94102205882353,1.8352499999999998,
Kendric Pryor,,WR,175,8,29.939249999999998,-203.28339705882354,-207.28339705882354,1.8144999999999998,
Brandon Powell,,WR,176,8,29.699999999999996,-203.52264705882354,-207.52264705882354,1.7999999999999998,
Xavier Gipson,,WR,177,8,29.399117647058823,-203.8235294117647,-207.8235294117647,1.781764705882353,
Kenny Pickett,,QB,57,8,85.7835,-204.207025,-208.207025,5.199,
Jermaine Burton,,WR,178,8,28.954406249999998,-204.26824080882352,-208.26824080882352,1.7548124999999999,
British Brooks,,RB,139,8,1.57575,-204.571125,-208.571125,0.0955,
Alex Erickson,,WR,179,8,27.9675,-205.25514705882352,-209.25514705882352,1.695,
D.J. Williams,,RB,141,8,0.0,-206.146875,-210.146875,0.0,
Dante Miller,,RB,143,8,0.0,-206.146875,-210.146875,0.0,
Keilan Robinson,,RB,144,8,0.0,-206.146875,-210.146875,0.0,
John Kelly,,RB,140,8,0.0,-206.146875,-210.146875,0.0,
Troy Hairston,,RB,142,8,0.0,-206.146875,-210.146875,0.0,
Britain Covey,,WR,180,8,26.560875,-206.66177205882352,-210.66177205882352,1.60975,
John Ross,,WR,181,8,25.212,-208.01064705882354,-212.01064705882354,1.528,
Deven Thompkins,,WR,182,8,25.194631578947366,-208.02801547987616,-212.02801547987616,1.5269473684210524,
Grant DuBose,,WR,183,8,24.424124999999993,-208.79852205882352,-212.79852205882352,1.4802499999999996,
Ronnie Bell,,WR,184,8,23.855192307692306,-209.36745475113122,-213.36745475113122,1.4457692307692307,
Ashton Dulin,,WR,185,8,23.27261538461538,-209.95003167420813,-213.95003167420813,1.4104615384615382,
Ben Skowronek,,WR,186,8,21.87664285714286,-211.34600420168067,-215.34600420168067,1.3258571428571428,
Dylan Laube,,RB,145,8,-5.2524999999999995,-211.399375,-215.399375,-0.3183333333333333,
Charlie Jones,,WR,187,8,21.689999999999998,-211.53264705882353,-215.53264705882353,1.3145454545454545,
Jake Browning,,QB,58,8,78.28699999999999,-211.703525,-215.703525,4.744666666666666,
Chris Blair,,WR,188,8,21.272625,-211.95002205882352,-215.95002205882352,1.28925,
Johnny Wilson,,WR,189,8,21.200999999999997,-212.02164705882353,-216.02164705882353,1.2849090909090908,
Skyy Moore,,WR,190,8,20.447307692307696,-212.77533936651582,-216.77533936651582,1.2392307692307694,
Tim Jones,,WR,191,8,19.804125,-213.41852205882353,-217.41852205882353,1.20025,
Devin Duvernay,,WR,192,8,19.467461538461535,-213.75518552036198,-217.75518552036198,1.1798461538461535,
Dan Chisena,,WR,193,8,19.346249999999998,-213.87639705882353,-217.87639705882353,1.1724999999999999,
Alex Bachman,,WR,194,8,19.22415,-213.99849705882352,-217.99849705882352,1.1651,
Bryce Ford-Wheaton,,WR,195,8,18.909,-214.31364705882353,-218.31364705882353,1.146,
Casey Washington,,WR,196,8,18.909,-214.31364705882353,-218.31364705882353,1.146,
Kadarius Toney,,WR,197,8,18.64076923076923,-214.5818778280543,-218.5818778280543,1.1297435897435897,
Tyler Scott,,WR,198,8,18.000865384615388,-215.22178167420813,-219.22178167420813,1.0909615384615385,
Dee Eskridge,,WR,199,8,17.712750000000003,-215.50989705882353,-219.50989705882353,1.0735000000000001,
Taylor Heinicke,,QB,59,8,74.34899999999999,-215.641525,-219.641525,4.505999999999999,
Steven Sims,,WR,200,8,17.4,-215.82264705882352,-219.82264705882352,1.0545454545454545,
DeAndre Carter,,WR,201,8,17.217488687782804,-216.00515837104072,-220.00515837104072,1.0434841628959275,
Braxton Berrios,,WR,202,8,16.859117647058824,-216.36352941176472,-220.36352941176472,1.021764705882353,
Malachi Corley,,WR,203,8,16.3878,-216.83484705882353,-220.83484705882353,0.9932,
Tim Boyle,,QB,60,8,71.654,-218.336525,-222.336525,4.342666666666666,
Ihmir Smith-Marsette,,WR,204,8,14.083235294117646,-219.13941176470587,-223.13941176470587,0.8535294117647059,
Jamari Thrash,,WR,205,8,13.6565,-219.56614705882353,-223.56614705882353,0.8276666666666667,
Collin Johnson,,WR,206,8,13.475,-219.74764705882353,-223.74764705882353,0.8166666666666667,
Nikko Remigio,,WR,207,8,13.393875,-219.82877205882352,-223.82877205882352,0.81175,
Jacob Cowing,,WR,208,8,13.341349999999998,-219.88129705882352,-223.88129705882352,0.8085666666666665,
Deonte Harty,,WR,209,8,13.1175,-220.10514705882352,-224.10514705882352,0.7949999999999999,
Nick Mullens,,QB,61,8,69.8841,-220.106425,-224.106425,4.2354,
Trent Taylor,,WR,210,8,12.0615,-221.16114705882353,-225.16114705882353,0.731,
Jarrett Stidham,,QB,62,8,68.8215,-221.16902499999998,-225.16902499999998,4.171,
Mitchell Trubisky,,QB,63,8,67.39186666666667,-222.59865833333333,-226.59865833333333,4.084355555555556,
Justyn Ross,,WR,211,8,9.322500000000002,-223.90014705882353,-227.90014705882353,0.5650000000000001,
Ramel Keyton,,WR,212,8,8.929249999999998,-224.29339705882353,-228.29339705882353,0.5411666666666666,
Tyreik McAllister,,WR,213,8,8.666625,-224.55602205882352,-228.55602205882352,0.52525,
Sam Howell,,QB,64,8,65.28758823529412,-224.70293676470587,-228.70293676470587,3.956823529411765,
Mason Kinsey,,WR,214,8,8.442499999999999,-224.78014705882353,-228.78014705882353,0.5116666666666666,
James Proche,,WR,215,8,6.544999999999999,-226.67764705882354,-230.67764705882354,0.3966666666666666,
Anthony Gould,,WR,216,8,6.499968749999999,-226.72267830882353,-230.72267830882353,0.39393749999999994,
Brycen Tremayne,,WR,217,8,6.303,-226.91964705882353,-230.91964705882353,0.382,
Xavier Smith,,WR,218,8,6.106031249999999,-227.11661580882352,-231.11661580882352,0.37006249999999996,
Javon Baker,,WR,219,8,5.77775,-227.44489705882353,-231.44489705882353,0.3501666666666667,
Erik Ezukanma,,WR,220,8,5.445,-227.77764705882353,-231.77764705882353,0.33,
Skylar Thompson,,QB,65,8,62.08454999999999,-227.905975,-231.905975,3.7626999999999997,
Isaiah Williams,,WR,221,8,5.1211875,-228.10145955882354,-232.10145955882354,0.31037499999999996,
Cody Thompson,,WR,222,8,4.95,-228.27264705882354,-232.27264705882354,0.3,
Kameron Johnson,,WR,223,8,4.3333125,-228.88933455882352,-232.88933455882352,0.262625,
Zach Pascal,,WR,224,8,2.9205,-230.30214705882352,-234.30214705882352,0.17700000000000002,
Jha'Quan Jackson,,WR,225,8,1.7070625,-231.51558455882352,-235.51558455882352,0.10345833333333333,
Jaelon Darden,,WR,226,8,1.6800000000000002,-231.54264705882352,-235.54264705882352,0.10181818181818182,
Avery Williams,,WR,227,8,0.0,-233.22264705882353,-237.22264705882353,0.0,
Jalen Virgil,,WR,230,8,0.0,-233.22264705882353,-237.22264705882353,0.0,
Irvin Charles,,WR,231,8,0.0,-233.22264705882353,-237.22264705882353,0.0,
Dareke Young,,WR,232,8,0.0,-233.22264705882353,-237.22264705882353,0.0,
Jared Wayne,,WR,229,8,0.0,-233.22264705882353,-237.22264705882353,0.0,
Justin Shorter,,WR,234,8,0.0,-233.22264705882353,-237.22264705882353,0.0,
Kaden Davis,,WR,235,8,0.0,-233.22264705882353,-237.22264705882353,0.0,
Maurice Alexander,,WR,236,8,0.0,-233.22264705882353,-237.22264705882353,0.0,
Tom Kennedy,,WR,228,8,0.0,-233.22264705882353,-237.22264705882353,0.0,
Montrell Washington,,WR,237,8,0.0,-233.22264705882353,-237.22264705882353,0.0,
Xavier Weaver,,WR,233,8,0.0,-233.22264705882353,-237.22264705882353,0.0,
Jermaine Jackson,,WR,238,8,-0.3939375,-233.61658455882352,-237.61658455882352,-0.023875,
Tyson Bagent,,QB,66,8,51.97664999999999,-238.01387499999998,-242.01387499999998,3.1500999999999997,
Trey Lance,,QB,67,8,50.187637499999994,-239.8028875,-243.8028875,3.0416749999999997,
Dorian Thompson-Robinson,,QB,68,8,46.04285714285714,-243.94766785714285,-247.94766785714285,2.7904761904761903,
Davis Mills,,QB,69,8,42.23175,-247.75877499999999,-251.75877499999999,2.5595,
Brandon Allen,,QB,70,8,33.40590000000001,-256.58462499999996,-260.58462499999996,2.0246000000000004,
Jake Haener,,QB,71,8,26.078662499999997,-263.9118625,-267.9118625,1.5805249999999997,
Mike White,,QB,72,8,14.6355,-275.355025,-279.355025,0.887,
Hendon Hooker,,QB,73,8,14.0767,-275.913825,-279.913825,0.8531333333333334,
Chris Oladokun,,QB,74,8,7.878749999999999,-282.11177499999997,-286.11177499999997,0.4775,
Kyle Allen,,QB,75,8,7.705499999999999,-282.285025,-286.285025,0.4669999999999999,
Josh Johnson,,QB,76,8,3.0727124999999997,-286.91781249999997,-290.91781249999997,0.18622499999999997,
Clayton Tune,,QB,77,8,1.3661999999999987,-288.624325,-292.624325,0.08279999999999993,
Teddy Bridgewater,,QB,78,8,0.3959999999999999,-289.594525,-293.594525,0.023999999999999994,
Kyle Trask,,QB,79,8,-1.0174999999999998,-291.008025,-295.008025,-0.06166666666666666,
